<ImportExportXml version="9.1.0.5229" SolutionPackageVersion="9.1" languagecode="1033" generatedBy="CrmLive" xmlns:xsi="http://www.w3.org/2001/XMLSchema-instance">
  <SolutionManifest>
    <UniqueName>ProposalManager</UniqueName>
    <LocalizedNames>
      <LocalizedName description="Proposal Manager" languagecode="1033" />
    </LocalizedNames>
    <Descriptions />
    <Version>1.2.0.0</Version>
    <Managed>0</Managed>
    <Publisher>
      <UniqueName>microsoftbanking</UniqueName>
      <LocalizedNames>
        <LocalizedName description="Microsoft Banking" languagecode="1033" />
      </LocalizedNames>
      <Descriptions />
      <EMailAddress xsi:nil="true"></EMailAddress>
      <SupportingWebsiteUrl xsi:nil="true"></SupportingWebsiteUrl>
      <CustomizationPrefix>msbnk</CustomizationPrefix>
      <CustomizationOptionValuePrefix>74153</CustomizationOptionValuePrefix>
      <Addresses>
        <Address>
          <AddressNumber>1</AddressNumber>
          <AddressTypeCode>1</AddressTypeCode>
          <City xsi:nil="true"></City>
          <County xsi:nil="true"></County>
          <Country xsi:nil="true"></Country>
          <Fax xsi:nil="true"></Fax>
          <FreightTermsCode xsi:nil="true"></FreightTermsCode>
          <ImportSequenceNumber xsi:nil="true"></ImportSequenceNumber>
          <Latitude xsi:nil="true"></Latitude>
          <Line1 xsi:nil="true"></Line1>
          <Line2 xsi:nil="true"></Line2>
          <Line3 xsi:nil="true"></Line3>
          <Longitude xsi:nil="true"></Longitude>
          <Name xsi:nil="true"></Name>
          <PostalCode xsi:nil="true"></PostalCode>
          <PostOfficeBox xsi:nil="true"></PostOfficeBox>
          <PrimaryContactName xsi:nil="true"></PrimaryContactName>
          <ShippingMethodCode>1</ShippingMethodCode>
          <StateOrProvince xsi:nil="true"></StateOrProvince>
          <Telephone1 xsi:nil="true"></Telephone1>
          <Telephone2 xsi:nil="true"></Telephone2>
          <Telephone3 xsi:nil="true"></Telephone3>
          <TimeZoneRuleVersionNumber xsi:nil="true"></TimeZoneRuleVersionNumber>
          <UPSZone xsi:nil="true"></UPSZone>
          <UTCOffset xsi:nil="true"></UTCOffset>
          <UTCConversionTimeZoneCode xsi:nil="true"></UTCConversionTimeZoneCode>
        </Address>
        <Address>
          <AddressNumber>2</AddressNumber>
          <AddressTypeCode>1</AddressTypeCode>
          <City xsi:nil="true"></City>
          <County xsi:nil="true"></County>
          <Country xsi:nil="true"></Country>
          <Fax xsi:nil="true"></Fax>
          <FreightTermsCode xsi:nil="true"></FreightTermsCode>
          <ImportSequenceNumber xsi:nil="true"></ImportSequenceNumber>
          <Latitude xsi:nil="true"></Latitude>
          <Line1 xsi:nil="true"></Line1>
          <Line2 xsi:nil="true"></Line2>
          <Line3 xsi:nil="true"></Line3>
          <Longitude xsi:nil="true"></Longitude>
          <Name xsi:nil="true"></Name>
          <PostalCode xsi:nil="true"></PostalCode>
          <PostOfficeBox xsi:nil="true"></PostOfficeBox>
          <PrimaryContactName xsi:nil="true"></PrimaryContactName>
          <ShippingMethodCode>1</ShippingMethodCode>
          <StateOrProvince xsi:nil="true"></StateOrProvince>
          <Telephone1 xsi:nil="true"></Telephone1>
          <Telephone2 xsi:nil="true"></Telephone2>
          <Telephone3 xsi:nil="true"></Telephone3>
          <TimeZoneRuleVersionNumber xsi:nil="true"></TimeZoneRuleVersionNumber>
          <UPSZone xsi:nil="true"></UPSZone>
          <UTCOffset xsi:nil="true"></UTCOffset>
          <UTCConversionTimeZoneCode xsi:nil="true"></UTCConversionTimeZoneCode>
        </Address>
      </Addresses>
    </Publisher>
    <RootComponents>
      <RootComponent type="1" schemaName="connection" behavior="1" />
      <RootComponent type="1" schemaName="opportunity" behavior="2" />
      <RootComponent type="9" schemaName="connectionrole_category" behavior="0" />
      <RootComponent type="9" schemaName="msbnk_dealtype" behavior="0" />
      <RootComponent type="60" id="{a837e4a7-01b8-4f82-a475-be9abd67e667}" behavior="0" />
      <RootComponent type="63" id="{37e733d0-a6a7-e811-a96a-000d3ac009b4}" behavior="0" />
      <RootComponent type="63" id="{44b652de-a6a7-e811-a96a-000d3ac009b4}" behavior="0" />
      <RootComponent type="63" id="{b6989ebc-a6a7-e811-a96a-000d3ac009b4}" behavior="0" />
      <RootComponent type="63" id="{c28836f4-a5a7-e811-a96a-000d3ac009b4}" behavior="0" />
      <RootComponent type="63" id="{dff005e5-a5a7-e811-a96a-000d3ac009b4}" behavior="0" />
    </RootComponents>
    <MissingDependencies>
      <MissingDependency>
        <Required key="0" type="1" schemaName="opportunity" displayName="Opportunity" solution="msdynce_Sales (9.0.4.0076)" />
        <Dependent key="0" type="1" schemaName="opportunity" displayName="Opportunity" />
      </MissingDependency>
      <MissingDependency>
        <Required key="1" type="1" schemaName="quote" displayName="Quote" solution="msdynce_Sales (9.0.4.0076)" />
        <Dependent key="2" type="60" displayName="Opportunity" parentDisplayName="Opportunity" id="{a837e4a7-01b8-4f82-a475-be9abd67e667}" />
      </MissingDependency>
      <MissingDependency>
        <Required key="3" type="1" schemaName="opportunityproduct" displayName="Opportunity Line" solution="msdynce_Sales (9.0.4.0076)" />
        <Dependent key="2" type="60" displayName="Opportunity" parentDisplayName="Opportunity" id="{a837e4a7-01b8-4f82-a475-be9abd67e667}" />
      </MissingDependency>
      <MissingDependency>
        <Required key="4" type="1" schemaName="competitor" displayName="Competitor" solution="msdynce_Sales (9.0.4.0076)" />
        <Dependent key="2" type="60" displayName="Opportunity" parentDisplayName="Opportunity" id="{a837e4a7-01b8-4f82-a475-be9abd67e667}" />
      </MissingDependency>
      <MissingDependency>
        <Required key="5" type="2" schemaName="totaltax" displayName="Total Tax" parentSchemaName="opportunity" parentDisplayName="Opportunity" solution="msdynce_Sales (9.0.4.0076)" />
        <Dependent key="2" type="60" displayName="Opportunity" parentDisplayName="Opportunity" id="{a837e4a7-01b8-4f82-a475-be9abd67e667}" />
      </MissingDependency>
      <MissingDependency>
        <Required key="6" type="2" schemaName="description" displayName="Description" parentSchemaName="opportunity" parentDisplayName="Opportunity" solution="msdynce_Sales (9.0.4.0076)" />
        <Dependent key="2" type="60" displayName="Opportunity" parentDisplayName="Opportunity" id="{a837e4a7-01b8-4f82-a475-be9abd67e667}" />
      </MissingDependency>
      <MissingDependency>
        <Required key="7" type="2" schemaName="freightamount" displayName="Freight Amount" parentSchemaName="opportunity" parentDisplayName="Opportunity" solution="msdynce_Sales (9.0.4.0076)" />
        <Dependent key="2" type="60" displayName="Opportunity" parentDisplayName="Opportunity" id="{a837e4a7-01b8-4f82-a475-be9abd67e667}" />
      </MissingDependency>
      <MissingDependency>
        <Required key="8" type="2" schemaName="estimatedvalue" displayName="Est. Revenue" parentSchemaName="opportunity" parentDisplayName="Opportunity" solution="msdynce_Sales (9.0.4.0076)" />
        <Dependent key="2" type="60" displayName="Opportunity" parentDisplayName="Opportunity" id="{a837e4a7-01b8-4f82-a475-be9abd67e667}" />
      </MissingDependency>
      <MissingDependency>
        <Required key="9" type="2" schemaName="isrevenuesystemcalculated" displayName="Revenue" parentSchemaName="opportunity" parentDisplayName="Opportunity" solution="msdynce_Sales (9.0.4.0076)" />
        <Dependent key="2" type="60" displayName="Opportunity" parentDisplayName="Opportunity" id="{a837e4a7-01b8-4f82-a475-be9abd67e667}" />
      </MissingDependency>
      <MissingDependency>
        <Required key="10" type="2" schemaName="totalamount" displayName="Total Amount" parentSchemaName="opportunity" parentDisplayName="Opportunity" solution="msdynce_Sales (9.0.4.0076)" />
        <Dependent key="2" type="60" displayName="Opportunity" parentDisplayName="Opportunity" id="{a837e4a7-01b8-4f82-a475-be9abd67e667}" />
      </MissingDependency>
      <MissingDependency>
        <Required key="11" type="2" schemaName="discountpercentage" displayName="Opportunity Discount (%)" parentSchemaName="opportunity" parentDisplayName="Opportunity" solution="msdynce_Sales (9.0.4.0076)" />
        <Dependent key="2" type="60" displayName="Opportunity" parentDisplayName="Opportunity" id="{a837e4a7-01b8-4f82-a475-be9abd67e667}" />
      </MissingDependency>
      <MissingDependency>
        <Required key="12" type="2" schemaName="discountamount" displayName="Opportunity Discount Amount" parentSchemaName="opportunity" parentDisplayName="Opportunity" solution="msdynce_Sales (9.0.4.0076)" />
        <Dependent key="2" type="60" displayName="Opportunity" parentDisplayName="Opportunity" id="{a837e4a7-01b8-4f82-a475-be9abd67e667}" />
      </MissingDependency>
      <MissingDependency>
        <Required key="13" type="2" schemaName="currentsituation" displayName="Current Situation" parentSchemaName="opportunity" parentDisplayName="Opportunity" solution="msdynce_Sales (9.0.4.0076)" />
        <Dependent key="2" type="60" displayName="Opportunity" parentDisplayName="Opportunity" id="{a837e4a7-01b8-4f82-a475-be9abd67e667}" />
      </MissingDependency>
      <MissingDependency>
        <Required key="14" type="2" schemaName="parentcontactid" displayName="Contact" parentSchemaName="opportunity" parentDisplayName="Opportunity" solution="msdynce_Sales (9.0.4.0076)" />
        <Dependent key="2" type="60" displayName="Opportunity" parentDisplayName="Opportunity" id="{a837e4a7-01b8-4f82-a475-be9abd67e667}" />
      </MissingDependency>
      <MissingDependency>
        <Required key="15" type="2" schemaName="name" displayName="Topic" parentSchemaName="opportunity" parentDisplayName="Opportunity" solution="msdynce_Sales (9.0.4.0076)" />
        <Dependent key="2" type="60" displayName="Opportunity" parentDisplayName="Opportunity" id="{a837e4a7-01b8-4f82-a475-be9abd67e667}" />
      </MissingDependency>
      <MissingDependency>
        <Required key="18" type="2" schemaName="purchasetimeframe" displayName="Purchase Timeframe" parentSchemaName="opportunity" parentDisplayName="Opportunity" solution="msdynce_Sales (9.0.4.0076)" />
        <Dependent key="2" type="60" displayName="Opportunity" parentDisplayName="Opportunity" id="{a837e4a7-01b8-4f82-a475-be9abd67e667}" />
      </MissingDependency>
      <MissingDependency>
        <Required key="19" type="2" schemaName="proposedsolution" displayName="Proposed Solution" parentSchemaName="opportunity" parentDisplayName="Opportunity" solution="msdynce_Sales (9.0.4.0076)" />
        <Dependent key="2" type="60" displayName="Opportunity" parentDisplayName="Opportunity" id="{a837e4a7-01b8-4f82-a475-be9abd67e667}" />
      </MissingDependency>
      <MissingDependency>
        <Required key="20" type="2" schemaName="purchaseprocess" displayName="Purchase Process" parentSchemaName="opportunity" parentDisplayName="Opportunity" solution="msdynce_Sales (9.0.4.0076)" />
        <Dependent key="2" type="60" displayName="Opportunity" parentDisplayName="Opportunity" id="{a837e4a7-01b8-4f82-a475-be9abd67e667}" />
      </MissingDependency>
      <MissingDependency>
        <Required key="21" type="2" schemaName="pricelevelid" displayName="Price List" parentSchemaName="opportunity" parentDisplayName="Opportunity" solution="msdynce_Sales (9.0.4.0076)" />
        <Dependent key="2" type="60" displayName="Opportunity" parentDisplayName="Opportunity" id="{a837e4a7-01b8-4f82-a475-be9abd67e667}" />
      </MissingDependency>
      <MissingDependency>
        <Required key="22" type="2" schemaName="ownerid" displayName="Owner" parentSchemaName="opportunity" parentDisplayName="Opportunity" solution="msdynce_Sales (9.0.4.0076)" />
        <Dependent key="2" type="60" displayName="Opportunity" parentDisplayName="Opportunity" id="{a837e4a7-01b8-4f82-a475-be9abd67e667}" />
      </MissingDependency>
      <MissingDependency>
        <Required key="23" type="2" schemaName="estimatedclosedate" displayName="Est. Close Date" parentSchemaName="opportunity" parentDisplayName="Opportunity" solution="msdynce_Sales (9.0.4.0076)" />
        <Dependent key="2" type="60" displayName="Opportunity" parentDisplayName="Opportunity" id="{a837e4a7-01b8-4f82-a475-be9abd67e667}" />
      </MissingDependency>
      <MissingDependency>
        <Required key="24" type="2" schemaName="customerneed" displayName="Customer Need" parentSchemaName="opportunity" parentDisplayName="Opportunity" solution="msdynce_Sales (9.0.4.0076)" />
        <Dependent key="2" type="60" displayName="Opportunity" parentDisplayName="Opportunity" id="{a837e4a7-01b8-4f82-a475-be9abd67e667}" />
      </MissingDependency>
      <MissingDependency>
        <Required key="25" type="2" schemaName="parentaccountid" displayName="Account" parentSchemaName="opportunity" parentDisplayName="Opportunity" solution="msdynce_Sales (9.0.4.0076)" />
        <Dependent key="2" type="60" displayName="Opportunity" parentDisplayName="Opportunity" id="{a837e4a7-01b8-4f82-a475-be9abd67e667}" />
      </MissingDependency>
      <MissingDependency>
        <Required key="26" type="2" schemaName="totallineitemamount" displayName="Total Detail Amount" parentSchemaName="opportunity" parentDisplayName="Opportunity" solution="msdynce_Sales (9.0.4.0076)" />
        <Dependent key="2" type="60" displayName="Opportunity" parentDisplayName="Opportunity" id="{a837e4a7-01b8-4f82-a475-be9abd67e667}" />
      </MissingDependency>
      <MissingDependency>
        <Required key="27" type="2" schemaName="totalamountlessfreight" displayName="Total Pre-Freight Amount" parentSchemaName="opportunity" parentDisplayName="Opportunity" solution="msdynce_Sales (9.0.4.0076)" />
        <Dependent key="2" type="60" displayName="Opportunity" parentDisplayName="Opportunity" id="{a837e4a7-01b8-4f82-a475-be9abd67e667}" />
      </MissingDependency>
      <MissingDependency>
        <Required key="28" type="2" schemaName="statuscode" displayName="Status Reason" parentSchemaName="opportunity" parentDisplayName="Opportunity" solution="msdynce_Sales (9.0.4.0076)" />
        <Dependent key="2" type="60" displayName="Opportunity" parentDisplayName="Opportunity" id="{a837e4a7-01b8-4f82-a475-be9abd67e667}" />
      </MissingDependency>
      <MissingDependency>
        <Required key="29" type="2" schemaName="parentbundleidref" displayName="Parent bundle product" parentSchemaName="opportunityproduct" parentDisplayName="Opportunity Line" solution="msdynce_SalesPatch (9.0.4.660)" />
        <Dependent key="2" type="60" displayName="Opportunity" parentDisplayName="Opportunity" id="{a837e4a7-01b8-4f82-a475-be9abd67e667}" />
      </MissingDependency>
      <MissingDependency>
        <Required key="30" type="2" schemaName="transactioncurrencyid" displayName="Currency" parentSchemaName="opportunity" parentDisplayName="Opportunity" solution="msdynce_Sales (9.0.4.0076)" />
        <Dependent key="2" type="60" displayName="Opportunity" parentDisplayName="Opportunity" id="{a837e4a7-01b8-4f82-a475-be9abd67e667}" />
      </MissingDependency>
      <MissingDependency>
        <Required key="31" type="2" schemaName="budgetamount" displayName="Budget Amount" parentSchemaName="opportunity" parentDisplayName="Opportunity" solution="msdynce_Sales (9.0.4.0076)" />
        <Dependent key="2" type="60" displayName="Opportunity" parentDisplayName="Opportunity" id="{a837e4a7-01b8-4f82-a475-be9abd67e667}" />
      </MissingDependency>
      <MissingDependency>
        <Required key="34" type="26" schemaName="Opportunity Product Inline Edit View" displayName="Opportunity Product Inline Edit View" parentSchemaName="opportunityproduct" parentDisplayName="Opportunity Line" solution="msdynce_Sales (9.0.4.0076)" id="{01010de7-749e-4fe6-8037-aca560a4fcbe}" />
        <Dependent key="2" type="60" displayName="Opportunity" parentDisplayName="Opportunity" id="{a837e4a7-01b8-4f82-a475-be9abd67e667}" />
      </MissingDependency>
      <MissingDependency>
        <Required key="36" type="26" schemaName="Opportunity Product Inline Edit View: Bundle Products" displayName="Opportunity Product Inline Edit View: Bundle Products" parentSchemaName="opportunityproduct" parentDisplayName="Opportunity Line" solution="msdynce_SalesPatch (9.0.4.660)" id="{e175dfbf-8eae-4af2-9dd2-68c43c14d40f}" />
        <Dependent key="2" type="60" displayName="Opportunity" parentDisplayName="Opportunity" id="{a837e4a7-01b8-4f82-a475-be9abd67e667}" />
      </MissingDependency>
      <MissingDependency>
        <Required key="37" type="26" schemaName="All Competitors (summary)" displayName="All Competitors (summary)" parentSchemaName="competitor" parentDisplayName="Competitor" solution="msdynce_Sales (9.0.4.0076)" id="{57bca9ac-87a0-4c28-adc8-2d0a4645f29e}" />
        <Dependent key="2" type="60" displayName="Opportunity" parentDisplayName="Opportunity" id="{a837e4a7-01b8-4f82-a475-be9abd67e667}" />
      </MissingDependency>
      <MissingDependency>
        <Required key="38" type="26" schemaName="Opportunity Quotes" displayName="Opportunity Quotes" parentSchemaName="quote" parentDisplayName="Quote" solution="msdynce_Sales (9.0.4.0076)" id="{61a4c932-d775-e211-b420-00155d806600}" />
        <Dependent key="2" type="60" displayName="Opportunity" parentDisplayName="Opportunity" id="{a837e4a7-01b8-4f82-a475-be9abd67e667}" />
      </MissingDependency>
      <MissingDependency>
        <Required key="2" type="60" displayName="Opportunity" parentDisplayName="Opportunity" solution="msdynce_Sales (9.0.4.0076)" id="{a837e4a7-01b8-4f82-a475-be9abd67e667}" />
        <Dependent key="2" type="60" displayName="Opportunity" parentDisplayName="Opportunity" id="{a837e4a7-01b8-4f82-a475-be9abd67e667}" />
      </MissingDependency>
      <MissingDependency>
        <Required key="34" type="66" schemaName="MscrmControls.Grid.GridControl" displayName="MscrmControls.Grid.GridControl" solution="BaseCustomControlsCore (9.0.1905.1047)" />
        <Dependent key="2" type="60" displayName="Opportunity" parentDisplayName="Oportunidad" id="{a837e4a7-01b8-4f82-a475-be9abd67e667}" />
      </MissingDependency>
      <MissingDependency>
        <Required key="35" type="66" schemaName="MscrmControls.CardFeedContainer.CardFeedContainer" displayName="MscrmControls.CardFeedContainer.CardFeedContainer" solution="CustomControlsCore (9.1.0000.5229)" />
        <Dependent key="2" type="60" displayName="Opportunity" parentDisplayName="Oportunidad" id="{a837e4a7-01b8-4f82-a475-be9abd67e667}" />
      </MissingDependency>
    </MissingDependencies>
  </SolutionManifest>
</ImportExportXml>