<ImportExportXml version="9.1.0.5229" SolutionPackageVersion="9.1" languagecode="3082" generatedBy="CrmLive" xmlns:xsi="http://www.w3.org/2001/XMLSchema-instance">
  <SolutionManifest>
    <UniqueName>ProposalManager</UniqueName>
    <LocalizedNames>
      <LocalizedName description="Proposal Manager" languagecode="3082" />
    </LocalizedNames>
    <Descriptions />
    <Version>1.2.0.0</Version>
    <Managed>1</Managed>
    <Publisher>
      <UniqueName>microsoftbanking</UniqueName>
      <LocalizedNames>
        <LocalizedName description="Microsoft Banking" languagecode="3082" />
      </LocalizedNames>
      <Descriptions />
      <EMailAddress xsi:nil="true"></EMailAddress>
      <SupportingWebsiteUrl xsi:nil="true"></SupportingWebsiteUrl>
      <CustomizationPrefix>msbnk</CustomizationPrefix>
      <CustomizationOptionValuePrefix>74153</CustomizationOptionValuePrefix>
      <Addresses>
        <Address>
          <AddressNumber>1</AddressNumber>
          <AddressTypeCode>1</AddressTypeCode>
          <City xsi:nil="true"></City>
          <County xsi:nil="true"></County>
          <Country xsi:nil="true"></Country>
          <Fax xsi:nil="true"></Fax>
          <FreightTermsCode xsi:nil="true"></FreightTermsCode>
          <ImportSequenceNumber xsi:nil="true"></ImportSequenceNumber>
          <Latitude xsi:nil="true"></Latitude>
          <Line1 xsi:nil="true"></Line1>
          <Line2 xsi:nil="true"></Line2>
          <Line3 xsi:nil="true"></Line3>
          <Longitude xsi:nil="true"></Longitude>
          <Name xsi:nil="true"></Name>
          <PostalCode xsi:nil="true"></PostalCode>
          <PostOfficeBox xsi:nil="true"></PostOfficeBox>
          <PrimaryContactName xsi:nil="true"></PrimaryContactName>
          <ShippingMethodCode>1</ShippingMethodCode>
          <StateOrProvince xsi:nil="true"></StateOrProvince>
          <Telephone1 xsi:nil="true"></Telephone1>
          <Telephone2 xsi:nil="true"></Telephone2>
          <Telephone3 xsi:nil="true"></Telephone3>
          <TimeZoneRuleVersionNumber xsi:nil="true"></TimeZoneRuleVersionNumber>
          <UPSZone xsi:nil="true"></UPSZone>
          <UTCOffset xsi:nil="true"></UTCOffset>
          <UTCConversionTimeZoneCode xsi:nil="true"></UTCConversionTimeZoneCode>
        </Address>
        <Address>
          <AddressNumber>2</AddressNumber>
          <AddressTypeCode>1</AddressTypeCode>
          <City xsi:nil="true"></City>
          <County xsi:nil="true"></County>
          <Country xsi:nil="true"></Country>
          <Fax xsi:nil="true"></Fax>
          <FreightTermsCode xsi:nil="true"></FreightTermsCode>
          <ImportSequenceNumber xsi:nil="true"></ImportSequenceNumber>
          <Latitude xsi:nil="true"></Latitude>
          <Line1 xsi:nil="true"></Line1>
          <Line2 xsi:nil="true"></Line2>
          <Line3 xsi:nil="true"></Line3>
          <Longitude xsi:nil="true"></Longitude>
          <Name xsi:nil="true"></Name>
          <PostalCode xsi:nil="true"></PostalCode>
          <PostOfficeBox xsi:nil="true"></PostOfficeBox>
          <PrimaryContactName xsi:nil="true"></PrimaryContactName>
          <ShippingMethodCode>1</ShippingMethodCode>
          <StateOrProvince xsi:nil="true"></StateOrProvince>
          <Telephone1 xsi:nil="true"></Telephone1>
          <Telephone2 xsi:nil="true"></Telephone2>
          <Telephone3 xsi:nil="true"></Telephone3>
          <TimeZoneRuleVersionNumber xsi:nil="true"></TimeZoneRuleVersionNumber>
          <UPSZone xsi:nil="true"></UPSZone>
          <UTCOffset xsi:nil="true"></UTCOffset>
          <UTCConversionTimeZoneCode xsi:nil="true"></UTCConversionTimeZoneCode>
        </Address>
      </Addresses>
    </Publisher>
    <RootComponents>
      <RootComponent type="1" schemaName="connection" behavior="1" />
      <RootComponent type="1" schemaName="opportunity" behavior="2" />
      <RootComponent type="9" schemaName="connectionrole_category" behavior="0" />
      <RootComponent type="9" schemaName="msbnk_dealtype" behavior="0" />
      <RootComponent type="60" id="{a837e4a7-01b8-4f82-a475-be9abd67e667}" behavior="0" />
      <RootComponent type="63" id="{37e733d0-a6a7-e811-a96a-000d3ac009b4}" behavior="0" />
      <RootComponent type="63" id="{44b652de-a6a7-e811-a96a-000d3ac009b4}" behavior="0" />
      <RootComponent type="63" id="{b6989ebc-a6a7-e811-a96a-000d3ac009b4}" behavior="0" />
      <RootComponent type="63" id="{c28836f4-a5a7-e811-a96a-000d3ac009b4}" behavior="0" />
      <RootComponent type="63" id="{dff005e5-a5a7-e811-a96a-000d3ac009b4}" behavior="0" />
    </RootComponents>
    <MissingDependencies>
      <MissingDependency>
        <Required key="0" type="1" schemaName="opportunity" displayName="Oportunidad" solution="msdynce_Sales (9.0.4.0076)" />
        <Dependent key="0" type="1" schemaName="opportunity" displayName="Oportunidad" />
      </MissingDependency>
      <MissingDependency>
        <Required key="1" type="1" schemaName="opportunityproduct" displayName="Producto de oportunidad" solution="msdynce_Sales (9.0.4.0076)" />
        <Dependent key="2" type="60" displayName="Opportunity" parentDisplayName="Oportunidad" id="{a837e4a7-01b8-4f82-a475-be9abd67e667}" />
      </MissingDependency>
      <MissingDependency>
        <Required key="3" type="1" schemaName="quote" displayName="Oferta" solution="msdynce_Sales (9.0.4.0076)" />
        <Dependent key="2" type="60" displayName="Opportunity" parentDisplayName="Oportunidad" id="{a837e4a7-01b8-4f82-a475-be9abd67e667}" />
      </MissingDependency>
      <MissingDependency>
        <Required key="4" type="1" schemaName="competitor" displayName="Competidor" solution="msdynce_Sales (9.0.4.0076)" />
        <Dependent key="2" type="60" displayName="Opportunity" parentDisplayName="Oportunidad" id="{a837e4a7-01b8-4f82-a475-be9abd67e667}" />
      </MissingDependency>
      <MissingDependency>
        <Required key="5" type="2" schemaName="isrevenuesystemcalculated" displayName="Ingresos" parentSchemaName="opportunity" parentDisplayName="Oportunidad" solution="msdynce_Sales (9.0.4.0076)" />
        <Dependent key="2" type="60" displayName="Opportunity" parentDisplayName="Oportunidad" id="{a837e4a7-01b8-4f82-a475-be9abd67e667}" />
      </MissingDependency>
      <MissingDependency>
        <Required key="6" type="2" schemaName="customerneed" displayName="Necesidad del cliente" parentSchemaName="opportunity" parentDisplayName="Oportunidad" solution="msdynce_Sales (9.0.4.0076)" />
        <Dependent key="2" type="60" displayName="Opportunity" parentDisplayName="Oportunidad" id="{a837e4a7-01b8-4f82-a475-be9abd67e667}" />
      </MissingDependency>
      <MissingDependency>
        <Required key="7" type="2" schemaName="purchaseprocess" displayName="Proceso de compra" parentSchemaName="opportunity" parentDisplayName="Oportunidad" solution="msdynce_Sales (9.0.4.0076)" />
        <Dependent key="2" type="60" displayName="Opportunity" parentDisplayName="Oportunidad" id="{a837e4a7-01b8-4f82-a475-be9abd67e667}" />
      </MissingDependency>
      <MissingDependency>
        <Required key="8" type="2" schemaName="totaltax" displayName="Impuesto total" parentSchemaName="opportunity" parentDisplayName="Oportunidad" solution="msdynce_Sales (9.0.4.0076)" />
        <Dependent key="2" type="60" displayName="Opportunity" parentDisplayName="Oportunidad" id="{a837e4a7-01b8-4f82-a475-be9abd67e667}" />
      </MissingDependency>
      <MissingDependency>
        <Required key="9" type="2" schemaName="parentaccountid" displayName="Cuenta" parentSchemaName="opportunity" parentDisplayName="Oportunidad" solution="msdynce_Sales (9.0.4.0076)" />
        <Dependent key="2" type="60" displayName="Opportunity" parentDisplayName="Oportunidad" id="{a837e4a7-01b8-4f82-a475-be9abd67e667}" />
      </MissingDependency>
      <MissingDependency>
        <Required key="10" type="2" schemaName="parentcontactid" displayName="Contacto" parentSchemaName="opportunity" parentDisplayName="Oportunidad" solution="msdynce_Sales (9.0.4.0076)" />
        <Dependent key="2" type="60" displayName="Opportunity" parentDisplayName="Oportunidad" id="{a837e4a7-01b8-4f82-a475-be9abd67e667}" />
      </MissingDependency>
      <MissingDependency>
        <Required key="11" type="2" schemaName="statuscode" displayName="Razón para el estado" parentSchemaName="opportunity" parentDisplayName="Oportunidad" solution="msdynce_Sales (9.0.4.0076)" />
        <Dependent key="2" type="60" displayName="Opportunity" parentDisplayName="Oportunidad" id="{a837e4a7-01b8-4f82-a475-be9abd67e667}" />
      </MissingDependency>
      <MissingDependency>
        <Required key="12" type="2" schemaName="budgetamount" displayName="Importe de presupuesto" parentSchemaName="opportunity" parentDisplayName="Oportunidad" solution="msdynce_Sales (9.0.4.0076)" />
        <Dependent key="2" type="60" displayName="Opportunity" parentDisplayName="Oportunidad" id="{a837e4a7-01b8-4f82-a475-be9abd67e667}" />
      </MissingDependency>
      <MissingDependency>
        <Required key="13" type="2" schemaName="parentbundleidref" displayName="Producto de agrupación primaria" parentSchemaName="opportunityproduct" parentDisplayName="Producto de oportunidad" solution="msdynce_SalesPatch (9.0.1904.3002)" />
        <Dependent key="2" type="60" displayName="Opportunity" parentDisplayName="Oportunidad" id="{a837e4a7-01b8-4f82-a475-be9abd67e667}" />
      </MissingDependency>
      <MissingDependency>
        <Required key="14" type="2" schemaName="discountamount" displayName="Importe de descuento de oportunidad" parentSchemaName="opportunity" parentDisplayName="Oportunidad" solution="msdynce_Sales (9.0.4.0076)" />
        <Dependent key="2" type="60" displayName="Opportunity" parentDisplayName="Oportunidad" id="{a837e4a7-01b8-4f82-a475-be9abd67e667}" />
      </MissingDependency>
      <MissingDependency>
        <Required key="15" type="2" schemaName="proposedsolution" displayName="Solución propuesta" parentSchemaName="opportunity" parentDisplayName="Oportunidad" solution="msdynce_Sales (9.0.4.0076)" />
        <Dependent key="2" type="60" displayName="Opportunity" parentDisplayName="Oportunidad" id="{a837e4a7-01b8-4f82-a475-be9abd67e667}" />
      </MissingDependency>
      <MissingDependency>
        <Required key="16" type="2" schemaName="transactioncurrencyid" displayName="Divisa" parentSchemaName="opportunity" parentDisplayName="Oportunidad" solution="msdynce_Sales (9.0.4.0076)" />
        <Dependent key="2" type="60" displayName="Opportunity" parentDisplayName="Oportunidad" id="{a837e4a7-01b8-4f82-a475-be9abd67e667}" />
      </MissingDependency>
      <MissingDependency>
        <Required key="17" type="2" schemaName="estimatedclosedate" displayName="Fecha estimada de cierre" parentSchemaName="opportunity" parentDisplayName="Oportunidad" solution="msdynce_Sales (9.0.4.0076)" />
        <Dependent key="2" type="60" displayName="Opportunity" parentDisplayName="Oportunidad" id="{a837e4a7-01b8-4f82-a475-be9abd67e667}" />
      </MissingDependency>
      <MissingDependency>
        <Required key="18" type="2" schemaName="freightamount" displayName="Importe de flete" parentSchemaName="opportunity" parentDisplayName="Oportunidad" solution="msdynce_Sales (9.0.4.0076)" />
        <Dependent key="2" type="60" displayName="Opportunity" parentDisplayName="Oportunidad" id="{a837e4a7-01b8-4f82-a475-be9abd67e667}" />
      </MissingDependency>
      <MissingDependency>
        <Required key="19" type="2" schemaName="currentsituation" displayName="Situación actual" parentSchemaName="opportunity" parentDisplayName="Oportunidad" solution="msdynce_Sales (9.0.4.0076)" />
        <Dependent key="2" type="60" displayName="Opportunity" parentDisplayName="Oportunidad" id="{a837e4a7-01b8-4f82-a475-be9abd67e667}" />
      </MissingDependency>
      <MissingDependency>
        <Required key="20" type="2" schemaName="totalamountlessfreight" displayName="Importe sin flete total" parentSchemaName="opportunity" parentDisplayName="Oportunidad" solution="msdynce_Sales (9.0.4.0076)" />
        <Dependent key="2" type="60" displayName="Opportunity" parentDisplayName="Oportunidad" id="{a837e4a7-01b8-4f82-a475-be9abd67e667}" />
      </MissingDependency>
      <MissingDependency>
        <Required key="21" type="2" schemaName="name" displayName="Tema" parentSchemaName="opportunity" parentDisplayName="Oportunidad" solution="msdynce_Sales (9.0.4.0076)" />
        <Dependent key="2" type="60" displayName="Opportunity" parentDisplayName="Oportunidad" id="{a837e4a7-01b8-4f82-a475-be9abd67e667}" />
      </MissingDependency>
      <MissingDependency>
        <Required key="22" type="2" schemaName="discountpercentage" displayName="Descuento de oportunidad (%)" parentSchemaName="opportunity" parentDisplayName="Oportunidad" solution="msdynce_Sales (9.0.4.0076)" />
        <Dependent key="2" type="60" displayName="Opportunity" parentDisplayName="Oportunidad" id="{a837e4a7-01b8-4f82-a475-be9abd67e667}" />
      </MissingDependency>
      <MissingDependency>
        <Required key="23" type="2" schemaName="ownerid" displayName="Propietario" parentSchemaName="opportunity" parentDisplayName="Oportunidad" solution="msdynce_Sales (9.0.4.0076)" />
        <Dependent key="2" type="60" displayName="Opportunity" parentDisplayName="Oportunidad" id="{a837e4a7-01b8-4f82-a475-be9abd67e667}" />
      </MissingDependency>
      <MissingDependency>
        <Required key="24" type="2" schemaName="purchasetimeframe" displayName="Período de tiempo de compra" parentSchemaName="opportunity" parentDisplayName="Oportunidad" solution="msdynce_Sales (9.0.4.0076)" />
        <Dependent key="2" type="60" displayName="Opportunity" parentDisplayName="Oportunidad" id="{a837e4a7-01b8-4f82-a475-be9abd67e667}" />
      </MissingDependency>
      <MissingDependency>
        <Required key="25" type="2" schemaName="estimatedvalue" displayName="Ingresos est." parentSchemaName="opportunity" parentDisplayName="Oportunidad" solution="msdynce_Sales (9.0.4.0076)" />
        <Dependent key="2" type="60" displayName="Opportunity" parentDisplayName="Oportunidad" id="{a837e4a7-01b8-4f82-a475-be9abd67e667}" />
      </MissingDependency>
      <MissingDependency>
        <Required key="26" type="2" schemaName="totallineitemamount" displayName="Importe detallado total" parentSchemaName="opportunity" parentDisplayName="Oportunidad" solution="msdynce_Sales (9.0.4.0076)" />
        <Dependent key="2" type="60" displayName="Opportunity" parentDisplayName="Oportunidad" id="{a837e4a7-01b8-4f82-a475-be9abd67e667}" />
      </MissingDependency>
      <MissingDependency>
        <Required key="27" type="2" schemaName="description" displayName="Descripción" parentSchemaName="opportunity" parentDisplayName="Oportunidad" solution="msdynce_Sales (9.0.4.0076)" />
        <Dependent key="2" type="60" displayName="Opportunity" parentDisplayName="Oportunidad" id="{a837e4a7-01b8-4f82-a475-be9abd67e667}" />
      </MissingDependency>
      <MissingDependency>
        <Required key="28" type="2" schemaName="totalamount" displayName="Importe total" parentSchemaName="opportunity" parentDisplayName="Oportunidad" solution="msdynce_Sales (9.0.4.0076)" />
        <Dependent key="2" type="60" displayName="Opportunity" parentDisplayName="Oportunidad" id="{a837e4a7-01b8-4f82-a475-be9abd67e667}" />
      </MissingDependency>
      <MissingDependency>
        <Required key="29" type="2" schemaName="pricelevelid" displayName="Lista de precios" parentSchemaName="opportunity" parentDisplayName="Oportunidad" solution="msdynce_Sales (9.0.4.0076)" />
        <Dependent key="2" type="60" displayName="Opportunity" parentDisplayName="Oportunidad" id="{a837e4a7-01b8-4f82-a475-be9abd67e667}" />
      </MissingDependency>
      <MissingDependency>
        <Required key="30" type="26" schemaName="Vista de edición alineada de productos de la oportunidad: productos de agrupación" displayName="Vista de edición alineada de productos de la oportunidad: productos de agrupación" parentSchemaName="opportunityproduct" parentDisplayName="Producto de oportunidad" solution="msdynce_SalesPatch (9.0.1904.3002)" id="{e175dfbf-8eae-4af2-9dd2-68c43c14d40f}" />
        <Dependent key="2" type="60" displayName="Opportunity" parentDisplayName="Oportunidad" id="{a837e4a7-01b8-4f82-a475-be9abd67e667}" />
      </MissingDependency>
      <MissingDependency>
        <Required key="31" type="26" schemaName="Ofertas de oportunidad" displayName="Ofertas de oportunidad" parentSchemaName="quote" parentDisplayName="Oferta" solution="msdynce_Sales (9.0.4.0076)" id="{61a4c932-d775-e211-b420-00155d806600}" />
        <Dependent key="2" type="60" displayName="Opportunity" parentDisplayName="Oportunidad" id="{a837e4a7-01b8-4f82-a475-be9abd67e667}" />
      </MissingDependency>
      <MissingDependency>
        <Required key="32" type="26" schemaName="Vista de edición alineada de productos de oportunidad" displayName="Vista de edición alineada de productos de oportunidad" parentSchemaName="opportunityproduct" parentDisplayName="Producto de oportunidad" solution="msdynce_Sales (9.0.4.0076)" id="{01010de7-749e-4fe6-8037-aca560a4fcbe}" />
        <Dependent key="2" type="60" displayName="Opportunity" parentDisplayName="Oportunidad" id="{a837e4a7-01b8-4f82-a475-be9abd67e667}" />
      </MissingDependency>
      <MissingDependency>
        <Required key="33" type="26" schemaName="Todos los competidores (resumen)" displayName="Todos los competidores (resumen)" parentSchemaName="competitor" parentDisplayName="Competidor" solution="msdynce_Sales (9.0.4.0076)" id="{57bca9ac-87a0-4c28-adc8-2d0a4645f29e}" />
        <Dependent key="2" type="60" displayName="Opportunity" parentDisplayName="Oportunidad" id="{a837e4a7-01b8-4f82-a475-be9abd67e667}" />
      </MissingDependency>
      <MissingDependency>
        <Required key="2" type="60" displayName="Opportunity" parentDisplayName="Oportunidad" solution="msdynce_Sales (9.0.4.0076)" id="{a837e4a7-01b8-4f82-a475-be9abd67e667}" />
        <Dependent key="2" type="60" displayName="Opportunity" parentDisplayName="Oportunidad" id="{a837e4a7-01b8-4f82-a475-be9abd67e667}" />
      </MissingDependency>
      <MissingDependency>
        <Required key="34" type="66" schemaName="MscrmControls.Grid.GridControl" displayName="MscrmControls.Grid.GridControl" solution="BaseCustomControlsCore (9.0.1905.1047)" />
        <Dependent key="2" type="60" displayName="Opportunity" parentDisplayName="Oportunidad" id="{a837e4a7-01b8-4f82-a475-be9abd67e667}" />
      </MissingDependency>
      <MissingDependency>
        <Required key="35" type="66" schemaName="MscrmControls.CardFeedContainer.CardFeedContainer" displayName="MscrmControls.CardFeedContainer.CardFeedContainer" solution="CustomControlsCore (9.1.0000.5229)" />
        <Dependent key="2" type="60" displayName="Opportunity" parentDisplayName="Oportunidad" id="{a837e4a7-01b8-4f82-a475-be9abd67e667}" />
      </MissingDependency>
    </MissingDependencies>
  </SolutionManifest>
</ImportExportXml>